{
  "upper_weights": [
    0.20284198684587296,
    0.1695692931697692,
    0.6626351572052411,
    0.19900759127852405,
    0.4146898080389144,
    0.42227058072223994,
    0.15635230689306656,
    0.9846260432156854
  ],
  "lower_weights": [
    -0.27315835660121934,
    -0.008425611939422484,
    0.017529836176007185,
    0.4272728921470144,
    -0.01588264378325831,
    0.6779873425104896,
    0.14509871968298524,
    0.8283411945336291
  ],
  "leading_edge_weight": 0.8190111567178,
  "TE_thickness": 0.013636363636363636,
  "clmax": 2.3893977038994105,
  "ld_band": 54.39146059096545,
  "conf": 0.9206439079150204,
  "hmax": 4.147682987399062,
  "seed": "s1223",
  "seed_clmax": 2.1662829646305233,
  "seed_ld_band": 55.16035045043259,
  "seed_hmax": 4.254171580033047,
  "trust": 0.12,
  "max_weight_move": 0.12000000996567486
}